counted_at,evidence_ref,sku,qty_pieces,agreed_unit_cost_twd,condition
2026-10-04,SAMPLE-COUNT-2026-10-04,TS-FL-001-S,0,0.0000,sellable
2026-10-04,SAMPLE-COUNT-2026-10-04,TS-FL-001-M,0,0.0000,sellable
2026-10-04,SAMPLE-COUNT-2026-10-04,TS-GM-002-S,0,0.0000,sellable
2026-10-04,SAMPLE-COUNT-2026-10-04,TS-SL-003-L,0,0.0000,sellable
2026-10-04,SAMPLE-COUNT-2026-10-04,TS-FS-004-P,0,0.0000,sellable
2026-10-04,SAMPLE-COUNT-2026-10-04,TS-MT-005-S,0,0.0000,sellable
2026-10-04,SAMPLE-COUNT-2026-10-04,TS-MN-006-P,10,10.0000,sellable
2026-10-04,SAMPLE-COUNT-2026-10-04,TS-MN-006-P,2,0.0000,damaged_unsellable
2026-10-04,SAMPLE-COUNT-2026-10-04,TS-HN-007-M,0,0.0000,sellable
2026-10-04,SAMPLE-COUNT-2026-10-04,TS-KD-008-P,0,0.0000,sellable
2026-10-04,SAMPLE-COUNT-2026-10-04,TS-CL-009-M,0,0.0000,sellable
2026-10-04,SAMPLE-COUNT-2026-10-04,PKG-MAIL-LS,0,0.0000,sellable
2026-10-04,SAMPLE-COUNT-2026-10-04,PKG-CARD-LS,0,0.0000,sellable
