sku,name,pieces_per_sale_unit,supplier_ref,ingredient_ref,evidence_ref,product_type
TS-FL-001-S,Wildflower Fine-Line,1,SUP-001,UNKNOWN,product mapping v1,sellable
TS-FL-001-M,Wildflower Fine-Line,1,SUP-001,UNKNOWN,product mapping v1,sellable
TS-GM-002-S,Sacred Geometry Moon,1,SUP-001,UNKNOWN,product mapping v1,sellable
TS-SL-003-L,Imperial Dragon Arm Sleeve,1,SUP-001,UNKNOWN,product mapping v1,sellable
TS-FS-004-P,Cyberpunk Neon Rave Set,5,SUP-001,UNKNOWN,product mapping v1,sellable
TS-MT-005-S,Egyptian Ankh Gold Foil,1,SUP-001,UNKNOWN,product mapping v1,sellable
TS-MN-006-P,Micro Symbol Flash Sheet,12,SUP-001,UNKNOWN,product mapping v1,sellable
TS-HN-007-M,Mandala Hand Lace,2,SUP-001,UNKNOWN,product mapping v1,sellable
TS-KD-008-P,Safari Animals Glow Kids,10,SUP-001,UNKNOWN,product mapping v1,sellable
TS-CL-009-M,Modern Gothic Skull (X-Art),1,SUP-001,UNKNOWN,product mapping v1,sellable
PKG-MAIL-LS,Little Spell Custom Rigid Mailer (18x24cm),1,SUP-003,NOT_APPLICABLE,founder PO workbook Little_Spell_PO_Master_Data.xlsx PO-2026-003 line 1,packaging
PKG-CARD-LS,Branded Care Card & Application Guide,1,SUP-003,NOT_APPLICABLE,founder PO workbook Little_Spell_PO_Master_Data.xlsx PO-2026-003 line 2,packaging
